category,volume_usd,volume_pct,transfer_count,count_pct,avg_transfer_size
morpho,3782238593.9700565,44.1,3480,43.5,1086850.17
bridges,3062279852.907766,35.7,1855,23.19,1650824.72
aave_horizon,821467765.5486557,9.58,976,12.2,841667.79
exchanges,555172158.5042195,6.47,847,10.59,655457.09
p2p,356229916.9011548,4.15,842,10.52,423075.91
